--
-- PostgreSQL database cluster dump
--

\restrict ji9MdKi5ZiC7wuqZtdULON6ORzZehjUfgIeQA31H3wlhbdCUhE4Dp5p9Qg7kvtk

SET default_transaction_read_only = off;

SET client_encoding = 'UTF8';
SET standard_conforming_strings = on;

--
-- Roles
--

CREATE ROLE team2_user;
ALTER ROLE team2_user WITH SUPERUSER INHERIT CREATEROLE CREATEDB LOGIN REPLICATION BYPASSRLS PASSWORD 'SCRAM-SHA-256$4096:d1NFQ7vNvon3qIJFA8r/ug==$s0lUOo3AF4fbHCdTLl2j47ATgMajoaA4fzOBI+XEiuE=:C4glDJVMOTsin5CtvjK8E60UlM3eEEBFnXxCpEHSvnI=';

--
-- User Configurations
--








\unrestrict ji9MdKi5ZiC7wuqZtdULON6ORzZehjUfgIeQA31H3wlhbdCUhE4Dp5p9Qg7kvtk

--
-- Databases
--

--
-- Database "template1" dump
--

\connect template1

--
-- PostgreSQL database dump
--

\restrict eguduhX0RCHD6ny0ibgiQdZUAlHoDPeuXmArW7YaltwZMktoxvgUHFAgHNgqyK3

-- Dumped from database version 16.10 (Debian 16.10-1.pgdg13+1)
-- Dumped by pg_dump version 16.10 (Debian 16.10-1.pgdg13+1)

SET statement_timeout = 0;
SET lock_timeout = 0;
SET idle_in_transaction_session_timeout = 0;
SET client_encoding = 'UTF8';
SET standard_conforming_strings = on;
SELECT pg_catalog.set_config('search_path', '', false);
SET check_function_bodies = false;
SET xmloption = content;
SET client_min_messages = warning;
SET row_security = off;

--
-- PostgreSQL database dump complete
--

\unrestrict eguduhX0RCHD6ny0ibgiQdZUAlHoDPeuXmArW7YaltwZMktoxvgUHFAgHNgqyK3

--
-- Database "postgres" dump
--

\connect postgres

--
-- PostgreSQL database dump
--

\restrict MUELCZBmrvzVEbxS47UgE7kTvMi0LPUOq3Dq2rDfUV6Z9Do3AgIKcm2YOawdog9

-- Dumped from database version 16.10 (Debian 16.10-1.pgdg13+1)
-- Dumped by pg_dump version 16.10 (Debian 16.10-1.pgdg13+1)

SET statement_timeout = 0;
SET lock_timeout = 0;
SET idle_in_transaction_session_timeout = 0;
SET client_encoding = 'UTF8';
SET standard_conforming_strings = on;
SELECT pg_catalog.set_config('search_path', '', false);
SET check_function_bodies = false;
SET xmloption = content;
SET client_min_messages = warning;
SET row_security = off;

--
-- PostgreSQL database dump complete
--

\unrestrict MUELCZBmrvzVEbxS47UgE7kTvMi0LPUOq3Dq2rDfUV6Z9Do3AgIKcm2YOawdog9

--
-- Database "team2_final" dump
--

--
-- PostgreSQL database dump
--

\restrict a91ah2qF7LkddcQi3PQzHHb3U7VXFKhIjobDDuhv6pAt14bFowTyBmykvInmnbN

-- Dumped from database version 16.10 (Debian 16.10-1.pgdg13+1)
-- Dumped by pg_dump version 16.10 (Debian 16.10-1.pgdg13+1)

SET statement_timeout = 0;
SET lock_timeout = 0;
SET idle_in_transaction_session_timeout = 0;
SET client_encoding = 'UTF8';
SET standard_conforming_strings = on;
SELECT pg_catalog.set_config('search_path', '', false);
SET check_function_bodies = false;
SET xmloption = content;
SET client_min_messages = warning;
SET row_security = off;

--
-- Name: team2_final; Type: DATABASE; Schema: -; Owner: team2_user
--

CREATE DATABASE team2_final WITH TEMPLATE = template0 ENCODING = 'UTF8' LOCALE_PROVIDER = libc LOCALE = 'en_US.utf8';


ALTER DATABASE team2_final OWNER TO team2_user;

\unrestrict a91ah2qF7LkddcQi3PQzHHb3U7VXFKhIjobDDuhv6pAt14bFowTyBmykvInmnbN
\connect team2_final
\restrict a91ah2qF7LkddcQi3PQzHHb3U7VXFKhIjobDDuhv6pAt14bFowTyBmykvInmnbN

SET statement_timeout = 0;
SET lock_timeout = 0;
SET idle_in_transaction_session_timeout = 0;
SET client_encoding = 'UTF8';
SET standard_conforming_strings = on;
SELECT pg_catalog.set_config('search_path', '', false);
SET check_function_bodies = false;
SET xmloption = content;
SET client_min_messages = warning;
SET row_security = off;

SET default_tablespace = '';

SET default_table_access_method = heap;

--
-- Name: auth_group; Type: TABLE; Schema: public; Owner: team2_user
--

CREATE TABLE public.auth_group (
    id integer NOT NULL,
    name character varying(150) NOT NULL
);


ALTER TABLE public.auth_group OWNER TO team2_user;

--
-- Name: auth_group_id_seq; Type: SEQUENCE; Schema: public; Owner: team2_user
--

ALTER TABLE public.auth_group ALTER COLUMN id ADD GENERATED BY DEFAULT AS IDENTITY (
    SEQUENCE NAME public.auth_group_id_seq
    START WITH 1
    INCREMENT BY 1
    NO MINVALUE
    NO MAXVALUE
    CACHE 1
);


--
-- Name: auth_group_permissions; Type: TABLE; Schema: public; Owner: team2_user
--

CREATE TABLE public.auth_group_permissions (
    id bigint NOT NULL,
    group_id integer NOT NULL,
    permission_id integer NOT NULL
);


ALTER TABLE public.auth_group_permissions OWNER TO team2_user;

--
-- Name: auth_group_permissions_id_seq; Type: SEQUENCE; Schema: public; Owner: team2_user
--

ALTER TABLE public.auth_group_permissions ALTER COLUMN id ADD GENERATED BY DEFAULT AS IDENTITY (
    SEQUENCE NAME public.auth_group_permissions_id_seq
    START WITH 1
    INCREMENT BY 1
    NO MINVALUE
    NO MAXVALUE
    CACHE 1
);


--
-- Name: auth_permission; Type: TABLE; Schema: public; Owner: team2_user
--

CREATE TABLE public.auth_permission (
    id integer NOT NULL,
    name character varying(255) NOT NULL,
    content_type_id integer NOT NULL,
    codename character varying(100) NOT NULL
);


ALTER TABLE public.auth_permission OWNER TO team2_user;

--
-- Name: auth_permission_id_seq; Type: SEQUENCE; Schema: public; Owner: team2_user
--

ALTER TABLE public.auth_permission ALTER COLUMN id ADD GENERATED BY DEFAULT AS IDENTITY (
    SEQUENCE NAME public.auth_permission_id_seq
    START WITH 1
    INCREMENT BY 1
    NO MINVALUE
    NO MAXVALUE
    CACHE 1
);


--
-- Name: django_admin_log; Type: TABLE; Schema: public; Owner: team2_user
--

CREATE TABLE public.django_admin_log (
    id integer NOT NULL,
    action_time timestamp with time zone NOT NULL,
    object_id text,
    object_repr character varying(200) NOT NULL,
    action_flag smallint NOT NULL,
    change_message text NOT NULL,
    content_type_id integer,
    user_id bigint NOT NULL,
    CONSTRAINT django_admin_log_action_flag_check CHECK ((action_flag >= 0))
);


ALTER TABLE public.django_admin_log OWNER TO team2_user;

--
-- Name: django_admin_log_id_seq; Type: SEQUENCE; Schema: public; Owner: team2_user
--

ALTER TABLE public.django_admin_log ALTER COLUMN id ADD GENERATED BY DEFAULT AS IDENTITY (
    SEQUENCE NAME public.django_admin_log_id_seq
    START WITH 1
    INCREMENT BY 1
    NO MINVALUE
    NO MAXVALUE
    CACHE 1
);


--
-- Name: django_content_type; Type: TABLE; Schema: public; Owner: team2_user
--

CREATE TABLE public.django_content_type (
    id integer NOT NULL,
    app_label character varying(100) NOT NULL,
    model character varying(100) NOT NULL
);


ALTER TABLE public.django_content_type OWNER TO team2_user;

--
-- Name: django_content_type_id_seq; Type: SEQUENCE; Schema: public; Owner: team2_user
--

ALTER TABLE public.django_content_type ALTER COLUMN id ADD GENERATED BY DEFAULT AS IDENTITY (
    SEQUENCE NAME public.django_content_type_id_seq
    START WITH 1
    INCREMENT BY 1
    NO MINVALUE
    NO MAXVALUE
    CACHE 1
);


--
-- Name: django_migrations; Type: TABLE; Schema: public; Owner: team2_user
--

CREATE TABLE public.django_migrations (
    id bigint NOT NULL,
    app character varying(255) NOT NULL,
    name character varying(255) NOT NULL,
    applied timestamp with time zone NOT NULL
);


ALTER TABLE public.django_migrations OWNER TO team2_user;

--
-- Name: django_migrations_id_seq; Type: SEQUENCE; Schema: public; Owner: team2_user
--

ALTER TABLE public.django_migrations ALTER COLUMN id ADD GENERATED BY DEFAULT AS IDENTITY (
    SEQUENCE NAME public.django_migrations_id_seq
    START WITH 1
    INCREMENT BY 1
    NO MINVALUE
    NO MAXVALUE
    CACHE 1
);


--
-- Name: django_session; Type: TABLE; Schema: public; Owner: team2_user
--

CREATE TABLE public.django_session (
    session_key character varying(40) NOT NULL,
    session_data text NOT NULL,
    expire_date timestamp with time zone NOT NULL
);


ALTER TABLE public.django_session OWNER TO team2_user;

--
-- Name: feedbacks_achievement; Type: TABLE; Schema: public; Owner: team2_user
--

CREATE TABLE public.feedbacks_achievement (
    id bigint NOT NULL,
    title character varying(100) NOT NULL,
    description text NOT NULL,
    badge character varying(50) NOT NULL,
    achieved_at timestamp with time zone NOT NULL,
    shared_to_ai boolean NOT NULL,
    daily_goal_id bigint,
    user_id bigint NOT NULL
);


ALTER TABLE public.feedbacks_achievement OWNER TO team2_user;

--
-- Name: feedbacks_achievement_id_seq; Type: SEQUENCE; Schema: public; Owner: team2_user
--

ALTER TABLE public.feedbacks_achievement ALTER COLUMN id ADD GENERATED BY DEFAULT AS IDENTITY (
    SEQUENCE NAME public.feedbacks_achievement_id_seq
    START WITH 1
    INCREMENT BY 1
    NO MINVALUE
    NO MAXVALUE
    CACHE 1
);


--
-- Name: feedbacks_dailyreport; Type: TABLE; Schema: public; Owner: team2_user
--

CREATE TABLE public.feedbacks_dailyreport (
    id bigint NOT NULL,
    date date NOT NULL,
    summary text NOT NULL,
    highlights text NOT NULL,
    challenges text NOT NULL,
    mood character varying(20) NOT NULL,
    score double precision,
    source character varying(10) NOT NULL,
    ai_model character varying(100) NOT NULL,
    ai_response jsonb,
    created_at timestamp with time zone NOT NULL,
    updated_at timestamp with time zone NOT NULL,
    user_id bigint NOT NULL,
    CONSTRAINT dailyreport_score_range CHECK (((score IS NULL) OR ((score >= (0.0)::double precision) AND (score <= (100.0)::double precision))))
);


ALTER TABLE public.feedbacks_dailyreport OWNER TO team2_user;

--
-- Name: feedbacks_dailyreport_id_seq; Type: SEQUENCE; Schema: public; Owner: team2_user
--

ALTER TABLE public.feedbacks_dailyreport ALTER COLUMN id ADD GENERATED BY DEFAULT AS IDENTITY (
    SEQUENCE NAME public.feedbacks_dailyreport_id_seq
    START WITH 1
    INCREMENT BY 1
    NO MINVALUE
    NO MAXVALUE
    CACHE 1
);


--
-- Name: feedbacks_feedback; Type: TABLE; Schema: public; Owner: team2_user
--

CREATE TABLE public.feedbacks_feedback (
    id bigint NOT NULL,
    message text NOT NULL,
    summary text NOT NULL,
    recommended_action text NOT NULL,
    sentiment_score double precision,
    source character varying(10) NOT NULL,
    ai_model character varying(100) NOT NULL,
    ai_version character varying(50) NOT NULL,
    ai_prompt text NOT NULL,
    ai_response jsonb,
    ai_confidence double precision,
    created_at timestamp with time zone NOT NULL,
    updated_at timestamp with time zone NOT NULL,
    daily_report_id bigint,
    user_id bigint NOT NULL,
    workout_plan_id bigint,
    CONSTRAINT feedback_ai_confidence_range CHECK (((ai_confidence IS NULL) OR ((ai_confidence >= (0.0)::double precision) AND (ai_confidence <= (100.0)::double precision)))),
    CONSTRAINT feedback_sentiment_range CHECK (((sentiment_score IS NULL) OR ((sentiment_score >= ('-1.0'::numeric)::double precision) AND (sentiment_score <= (1.0)::double precision))))
);


ALTER TABLE public.feedbacks_feedback OWNER TO team2_user;

--
-- Name: feedbacks_feedback_id_seq; Type: SEQUENCE; Schema: public; Owner: team2_user
--

ALTER TABLE public.feedbacks_feedback ALTER COLUMN id ADD GENERATED BY DEFAULT AS IDENTITY (
    SEQUENCE NAME public.feedbacks_feedback_id_seq
    START WITH 1
    INCREMENT BY 1
    NO MINVALUE
    NO MAXVALUE
    CACHE 1
);


--
-- Name: feedbacks_feedbackgenerationlog; Type: TABLE; Schema: public; Owner: team2_user
--

CREATE TABLE public.feedbacks_feedbackgenerationlog (
    id bigint NOT NULL,
    ai_model character varying(100) NOT NULL,
    ai_version character varying(50) NOT NULL,
    prompt text NOT NULL,
    response jsonb NOT NULL,
    created_at timestamp with time zone NOT NULL,
    feedback_id bigint NOT NULL,
    requested_by_id bigint
);


ALTER TABLE public.feedbacks_feedbackgenerationlog OWNER TO team2_user;

--
-- Name: feedbacks_feedbackgenerationlog_id_seq; Type: SEQUENCE; Schema: public; Owner: team2_user
--

ALTER TABLE public.feedbacks_feedbackgenerationlog ALTER COLUMN id ADD GENERATED BY DEFAULT AS IDENTITY (
    SEQUENCE NAME public.feedbacks_feedbackgenerationlog_id_seq
    START WITH 1
    INCREMENT BY 1
    NO MINVALUE
    NO MAXVALUE
    CACHE 1
);


--
-- Name: goals_dailygoal; Type: TABLE; Schema: public; Owner: team2_user
--

CREATE TABLE public.goals_dailygoal (
    id bigint NOT NULL,
    date date NOT NULL,
    kcal_target integer,
    protein_target_g integer,
    workout_minutes_target integer,
    completion_score double precision,
    user_id bigint NOT NULL,
    goal_id bigint NOT NULL
);


ALTER TABLE public.goals_dailygoal OWNER TO team2_user;

--
-- Name: goals_dailygoal_id_seq; Type: SEQUENCE; Schema: public; Owner: team2_user
--

ALTER TABLE public.goals_dailygoal ALTER COLUMN id ADD GENERATED BY DEFAULT AS IDENTITY (
    SEQUENCE NAME public.goals_dailygoal_id_seq
    START WITH 1
    INCREMENT BY 1
    NO MINVALUE
    NO MAXVALUE
    CACHE 1
);


--
-- Name: goals_goal; Type: TABLE; Schema: public; Owner: team2_user
--

CREATE TABLE public.goals_goal (
    id bigint NOT NULL,
    goal_type character varying(20) NOT NULL,
    user_id bigint NOT NULL
);


ALTER TABLE public.goals_goal OWNER TO team2_user;

--
-- Name: goals_goal_id_seq; Type: SEQUENCE; Schema: public; Owner: team2_user
--

ALTER TABLE public.goals_goal ALTER COLUMN id ADD GENERATED BY DEFAULT AS IDENTITY (
    SEQUENCE NAME public.goals_goal_id_seq
    START WITH 1
    INCREMENT BY 1
    NO MINVALUE
    NO MAXVALUE
    CACHE 1
);


--
-- Name: goals_goalprogress; Type: TABLE; Schema: public; Owner: team2_user
--

CREATE TABLE public.goals_goalprogress (
    id bigint NOT NULL,
    date date NOT NULL,
    completed_sessions integer,
    goal_id bigint NOT NULL,
    user_id bigint NOT NULL
);


ALTER TABLE public.goals_goalprogress OWNER TO team2_user;

--
-- Name: goals_goalprogress_id_seq; Type: SEQUENCE; Schema: public; Owner: team2_user
--

ALTER TABLE public.goals_goalprogress ALTER COLUMN id ADD GENERATED BY DEFAULT AS IDENTITY (
    SEQUENCE NAME public.goals_goalprogress_id_seq
    START WITH 1
    INCREMENT BY 1
    NO MINVALUE
    NO MAXVALUE
    CACHE 1
);


--
-- Name: intakes_food; Type: TABLE; Schema: public; Owner: team2_user
--

CREATE TABLE public.intakes_food (
    id bigint NOT NULL,
    name character varying(120) NOT NULL,
    kcal_per_100g double precision NOT NULL,
    protein_g_per_100g double precision NOT NULL,
    carb_g_per_100g double precision NOT NULL,
    fat_g_per_100g double precision NOT NULL
);


ALTER TABLE public.intakes_food OWNER TO team2_user;

--
-- Name: intakes_food_id_seq; Type: SEQUENCE; Schema: public; Owner: team2_user
--

ALTER TABLE public.intakes_food ALTER COLUMN id ADD GENERATED BY DEFAULT AS IDENTITY (
    SEQUENCE NAME public.intakes_food_id_seq
    START WITH 1
    INCREMENT BY 1
    NO MINVALUE
    NO MAXVALUE
    CACHE 1
);


--
-- Name: intakes_meal; Type: TABLE; Schema: public; Owner: team2_user
--

CREATE TABLE public.intakes_meal (
    id bigint NOT NULL,
    log_date date NOT NULL,
    meal_type character varying(10) NOT NULL,
    user_id bigint NOT NULL
);


ALTER TABLE public.intakes_meal OWNER TO team2_user;

--
-- Name: intakes_meal_id_seq; Type: SEQUENCE; Schema: public; Owner: team2_user
--

ALTER TABLE public.intakes_meal ALTER COLUMN id ADD GENERATED BY DEFAULT AS IDENTITY (
    SEQUENCE NAME public.intakes_meal_id_seq
    START WITH 1
    INCREMENT BY 1
    NO MINVALUE
    NO MAXVALUE
    CACHE 1
);


--
-- Name: intakes_mealitem; Type: TABLE; Schema: public; Owner: team2_user
--

CREATE TABLE public.intakes_mealitem (
    id bigint NOT NULL,
    grams double precision,
    name character varying(120),
    kcal double precision,
    protein_g double precision,
    carb_g double precision,
    fat_g double precision,
    food_id bigint,
    meal_id bigint NOT NULL,
    ai_confidence double precision,
    ai_label character varying(200),
    created_at timestamp with time zone NOT NULL,
    photo character varying(100),
    serving_g double precision,
    source character varying(20) NOT NULL
);


ALTER TABLE public.intakes_mealitem OWNER TO team2_user;

--
-- Name: intakes_mealitem_id_seq; Type: SEQUENCE; Schema: public; Owner: team2_user
--

ALTER TABLE public.intakes_mealitem ALTER COLUMN id ADD GENERATED BY DEFAULT AS IDENTITY (
    SEQUENCE NAME public.intakes_mealitem_id_seq
    START WITH 1
    INCREMENT BY 1
    NO MINVALUE
    NO MAXVALUE
    CACHE 1
);


--
-- Name: intakes_nutritionlog; Type: TABLE; Schema: public; Owner: team2_user
--

CREATE TABLE public.intakes_nutritionlog (
    id bigint NOT NULL,
    date date NOT NULL,
    kcal_total double precision NOT NULL,
    protein_total_g double precision NOT NULL,
    carb_total_g double precision NOT NULL,
    fat_total_g double precision NOT NULL,
    user_id bigint NOT NULL
);


ALTER TABLE public.intakes_nutritionlog OWNER TO team2_user;

--
-- Name: intakes_nutritionlog_id_seq; Type: SEQUENCE; Schema: public; Owner: team2_user
--

ALTER TABLE public.intakes_nutritionlog ALTER COLUMN id ADD GENERATED BY DEFAULT AS IDENTITY (
    SEQUENCE NAME public.intakes_nutritionlog_id_seq
    START WITH 1
    INCREMENT BY 1
    NO MINVALUE
    NO MAXVALUE
    CACHE 1
);


--
-- Name: tasks_exercise; Type: TABLE; Schema: public; Owner: team2_user
--

CREATE TABLE public.tasks_exercise (
    id bigint NOT NULL,
    name character varying(100) NOT NULL,
    description text NOT NULL,
    kcal_burned_per_min double precision NOT NULL,
    target character varying(50) NOT NULL
);


ALTER TABLE public.tasks_exercise OWNER TO team2_user;

--
-- Name: tasks_exercise_id_seq; Type: SEQUENCE; Schema: public; Owner: team2_user
--

ALTER TABLE public.tasks_exercise ALTER COLUMN id ADD GENERATED BY DEFAULT AS IDENTITY (
    SEQUENCE NAME public.tasks_exercise_id_seq
    START WITH 1
    INCREMENT BY 1
    NO MINVALUE
    NO MAXVALUE
    CACHE 1
);


--
-- Name: tasks_taskitem; Type: TABLE; Schema: public; Owner: team2_user
--

CREATE TABLE public.tasks_taskitem (
    id bigint NOT NULL,
    duration_min integer NOT NULL,
    target_sets integer,
    target_reps integer,
    intensity character varying(10) NOT NULL,
    notes text NOT NULL,
    is_ai_recommended boolean NOT NULL,
    ai_goal character varying(100) NOT NULL,
    ai_metadata jsonb,
    recommended_weight_range character varying(50) NOT NULL,
    "order" integer NOT NULL,
    exercise_id bigint NOT NULL,
    workout_plan_id bigint NOT NULL,
    completed boolean NOT NULL,
    completed_at timestamp with time zone,
    skip_reason character varying(200),
    skipped boolean NOT NULL,
    CONSTRAINT tasks_taskitem_duration_min_check CHECK ((duration_min >= 0)),
    CONSTRAINT tasks_taskitem_order_check CHECK (("order" >= 0)),
    CONSTRAINT tasks_taskitem_target_reps_check CHECK ((target_reps >= 0)),
    CONSTRAINT tasks_taskitem_target_sets_check CHECK ((target_sets >= 0))
);


ALTER TABLE public.tasks_taskitem OWNER TO team2_user;

--
-- Name: tasks_taskitem_id_seq; Type: SEQUENCE; Schema: public; Owner: team2_user
--

ALTER TABLE public.tasks_taskitem ALTER COLUMN id ADD GENERATED BY DEFAULT AS IDENTITY (
    SEQUENCE NAME public.tasks_taskitem_id_seq
    START WITH 1
    INCREMENT BY 1
    NO MINVALUE
    NO MAXVALUE
    CACHE 1
);


--
-- Name: tasks_workoutlog; Type: TABLE; Schema: public; Owner: team2_user
--

CREATE TABLE public.tasks_workoutlog (
    id bigint NOT NULL,
    date date NOT NULL,
    duration_min integer NOT NULL,
    kcal_burned double precision NOT NULL,
    perceived_exertion integer,
    ai_adjusted boolean NOT NULL,
    notes text NOT NULL,
    exercise_id bigint NOT NULL,
    task_item_id bigint,
    user_id bigint NOT NULL,
    workout_plan_id bigint,
    CONSTRAINT tasks_workoutlog_duration_min_check CHECK ((duration_min >= 0)),
    CONSTRAINT tasks_workoutlog_perceived_exertion_check CHECK ((perceived_exertion >= 0))
);


ALTER TABLE public.tasks_workoutlog OWNER TO team2_user;

--
-- Name: tasks_workoutlog_id_seq; Type: SEQUENCE; Schema: public; Owner: team2_user
--

ALTER TABLE public.tasks_workoutlog ALTER COLUMN id ADD GENERATED BY DEFAULT AS IDENTITY (
    SEQUENCE NAME public.tasks_workoutlog_id_seq
    START WITH 1
    INCREMENT BY 1
    NO MINVALUE
    NO MAXVALUE
    CACHE 1
);


--
-- Name: tasks_workoutplan; Type: TABLE; Schema: public; Owner: team2_user
--

CREATE TABLE public.tasks_workoutplan (
    id bigint NOT NULL,
    title character varying(100) NOT NULL,
    description text NOT NULL,
    summary text NOT NULL,
    target_focus character varying(50) NOT NULL,
    personalization_snapshot jsonb,
    source character varying(20) NOT NULL,
    ai_model character varying(100) NOT NULL,
    ai_version character varying(50) NOT NULL,
    ai_prompt text NOT NULL,
    ai_response jsonb,
    ai_confidence double precision,
    created_at timestamp with time zone NOT NULL,
    updated_at timestamp with time zone NOT NULL,
    last_synced_at timestamp with time zone,
    goal_id bigint,
    user_id bigint NOT NULL
);


ALTER TABLE public.tasks_workoutplan OWNER TO team2_user;

--
-- Name: tasks_workoutplan_id_seq; Type: SEQUENCE; Schema: public; Owner: team2_user
--

ALTER TABLE public.tasks_workoutplan ALTER COLUMN id ADD GENERATED BY DEFAULT AS IDENTITY (
    SEQUENCE NAME public.tasks_workoutplan_id_seq
    START WITH 1
    INCREMENT BY 1
    NO MINVALUE
    NO MAXVALUE
    CACHE 1
);


--
-- Name: tasks_workoutplangenerationlog; Type: TABLE; Schema: public; Owner: team2_user
--

CREATE TABLE public.tasks_workoutplangenerationlog (
    id bigint NOT NULL,
    ai_model character varying(100) NOT NULL,
    ai_version character varying(50) NOT NULL,
    prompt text NOT NULL,
    response jsonb NOT NULL,
    created_at timestamp with time zone NOT NULL,
    plan_id bigint NOT NULL,
    requested_by_id bigint
);


ALTER TABLE public.tasks_workoutplangenerationlog OWNER TO team2_user;

--
-- Name: tasks_workoutplangenerationlog_id_seq; Type: SEQUENCE; Schema: public; Owner: team2_user
--

ALTER TABLE public.tasks_workoutplangenerationlog ALTER COLUMN id ADD GENERATED BY DEFAULT AS IDENTITY (
    SEQUENCE NAME public.tasks_workoutplangenerationlog_id_seq
    START WITH 1
    INCREMENT BY 1
    NO MINVALUE
    NO MAXVALUE
    CACHE 1
);


--
-- Name: users_customuser; Type: TABLE; Schema: public; Owner: team2_user
--

CREATE TABLE public.users_customuser (
    id bigint NOT NULL,
    password character varying(128) NOT NULL,
    last_login timestamp with time zone,
    is_superuser boolean NOT NULL,
    first_name character varying(150) NOT NULL,
    last_name character varying(150) NOT NULL,
    is_staff boolean NOT NULL,
    is_active boolean NOT NULL,
    date_joined timestamp with time zone NOT NULL,
    username character varying(150) NOT NULL,
    email character varying(254) NOT NULL,
    nickname character varying(50) NOT NULL,
    created_at timestamp with time zone NOT NULL,
    updated_at timestamp with time zone NOT NULL
);


ALTER TABLE public.users_customuser OWNER TO team2_user;

--
-- Name: users_customuser_groups; Type: TABLE; Schema: public; Owner: team2_user
--

CREATE TABLE public.users_customuser_groups (
    id bigint NOT NULL,
    customuser_id bigint NOT NULL,
    group_id integer NOT NULL
);


ALTER TABLE public.users_customuser_groups OWNER TO team2_user;

--
-- Name: users_customuser_groups_id_seq; Type: SEQUENCE; Schema: public; Owner: team2_user
--

ALTER TABLE public.users_customuser_groups ALTER COLUMN id ADD GENERATED BY DEFAULT AS IDENTITY (
    SEQUENCE NAME public.users_customuser_groups_id_seq
    START WITH 1
    INCREMENT BY 1
    NO MINVALUE
    NO MAXVALUE
    CACHE 1
);


--
-- Name: users_customuser_id_seq; Type: SEQUENCE; Schema: public; Owner: team2_user
--

ALTER TABLE public.users_customuser ALTER COLUMN id ADD GENERATED BY DEFAULT AS IDENTITY (
    SEQUENCE NAME public.users_customuser_id_seq
    START WITH 1
    INCREMENT BY 1
    NO MINVALUE
    NO MAXVALUE
    CACHE 1
);


--
-- Name: users_customuser_user_permissions; Type: TABLE; Schema: public; Owner: team2_user
--

CREATE TABLE public.users_customuser_user_permissions (
    id bigint NOT NULL,
    customuser_id bigint NOT NULL,
    permission_id integer NOT NULL
);


ALTER TABLE public.users_customuser_user_permissions OWNER TO team2_user;

--
-- Name: users_customuser_user_permissions_id_seq; Type: SEQUENCE; Schema: public; Owner: team2_user
--

ALTER TABLE public.users_customuser_user_permissions ALTER COLUMN id ADD GENERATED BY DEFAULT AS IDENTITY (
    SEQUENCE NAME public.users_customuser_user_permissions_id_seq
    START WITH 1
    INCREMENT BY 1
    NO MINVALUE
    NO MAXVALUE
    CACHE 1
);


--
-- Name: users_healthdata; Type: TABLE; Schema: public; Owner: team2_user
--

CREATE TABLE public.users_healthdata (
    id bigint NOT NULL,
    date date NOT NULL,
    weight_kg double precision,
    body_fat_percentage double precision,
    muscle_mass_kg double precision,
    blood_pressure_systolic integer,
    blood_pressure_diastolic integer,
    heart_rate_bpm integer,
    sleep_hours double precision,
    sleep_quality integer,
    water_intake_ml integer,
    stress_level integer,
    mood_score integer,
    steps_count integer,
    exercise_minutes integer,
    notes text NOT NULL,
    created_at timestamp with time zone NOT NULL,
    updated_at timestamp with time zone NOT NULL,
    user_id bigint NOT NULL
);


ALTER TABLE public.users_healthdata OWNER TO team2_user;

--
-- Name: users_healthdata_id_seq; Type: SEQUENCE; Schema: public; Owner: team2_user
--

ALTER TABLE public.users_healthdata ALTER COLUMN id ADD GENERATED BY DEFAULT AS IDENTITY (
    SEQUENCE NAME public.users_healthdata_id_seq
    START WITH 1
    INCREMENT BY 1
    NO MINVALUE
    NO MAXVALUE
    CACHE 1
);


--
-- Name: users_userprofile; Type: TABLE; Schema: public; Owner: team2_user
--

CREATE TABLE public.users_userprofile (
    id bigint NOT NULL,
    gender character varying(10),
    height_cm integer,
    weight_kg double precision,
    target_weight_kg double precision,
    activity_level integer NOT NULL,
    birth_date date,
    phone_number character varying(15) NOT NULL,
    created_at timestamp with time zone NOT NULL,
    updated_at timestamp with time zone NOT NULL,
    user_id bigint NOT NULL
);


ALTER TABLE public.users_userprofile OWNER TO team2_user;

--
-- Name: users_userprofile_id_seq; Type: SEQUENCE; Schema: public; Owner: team2_user
--

ALTER TABLE public.users_userprofile ALTER COLUMN id ADD GENERATED BY DEFAULT AS IDENTITY (
    SEQUENCE NAME public.users_userprofile_id_seq
    START WITH 1
    INCREMENT BY 1
    NO MINVALUE
    NO MAXVALUE
    CACHE 1
);


--
-- Data for Name: auth_group; Type: TABLE DATA; Schema: public; Owner: team2_user
--

COPY public.auth_group (id, name) FROM stdin;
\.


--
-- Data for Name: auth_group_permissions; Type: TABLE DATA; Schema: public; Owner: team2_user
--

COPY public.auth_group_permissions (id, group_id, permission_id) FROM stdin;
\.


--
-- Data for Name: auth_permission; Type: TABLE DATA; Schema: public; Owner: team2_user
--

COPY public.auth_permission (id, name, content_type_id, codename) FROM stdin;
1	Can add log entry	1	add_logentry
2	Can change log entry	1	change_logentry
3	Can delete log entry	1	delete_logentry
4	Can view log entry	1	view_logentry
5	Can add permission	2	add_permission
6	Can change permission	2	change_permission
7	Can delete permission	2	delete_permission
8	Can view permission	2	view_permission
9	Can add group	3	add_group
10	Can change group	3	change_group
11	Can delete group	3	delete_group
12	Can view group	3	view_group
13	Can add content type	4	add_contenttype
14	Can change content type	4	change_contenttype
15	Can delete content type	4	delete_contenttype
16	Can view content type	4	view_contenttype
17	Can add session	5	add_session
18	Can change session	5	change_session
19	Can delete session	5	delete_session
20	Can view session	5	view_session
21	Can add 사용자	6	add_customuser
22	Can change 사용자	6	change_customuser
23	Can delete 사용자	6	delete_customuser
24	Can view 사용자	6	view_customuser
25	Can add 사용자 프로필	7	add_userprofile
26	Can change 사용자 프로필	7	change_userprofile
27	Can delete 사용자 프로필	7	delete_userprofile
28	Can view 사용자 프로필	7	view_userprofile
29	Can add 건강 데이터	8	add_healthdata
30	Can change 건강 데이터	8	change_healthdata
31	Can delete 건강 데이터	8	delete_healthdata
32	Can view 건강 데이터	8	view_healthdata
33	Can add 운동	9	add_exercise
34	Can change 운동	9	change_exercise
35	Can delete 운동	9	delete_exercise
36	Can view 운동	9	view_exercise
37	Can add 운동 계획	10	add_workoutplan
38	Can change 운동 계획	10	change_workoutplan
39	Can delete 운동 계획	10	delete_workoutplan
40	Can view 운동 계획	10	view_workoutplan
41	Can add 운동 계획 생성 로그	11	add_workoutplangenerationlog
42	Can change 운동 계획 생성 로그	11	change_workoutplangenerationlog
43	Can delete 운동 계획 생성 로그	11	delete_workoutplangenerationlog
44	Can view 운동 계획 생성 로그	11	view_workoutplangenerationlog
45	Can add 작업 항목	12	add_taskitem
46	Can change 작업 항목	12	change_taskitem
47	Can delete 작업 항목	12	delete_taskitem
48	Can view 작업 항목	12	view_taskitem
49	Can add 운동 기록	13	add_workoutlog
50	Can change 운동 기록	13	change_workoutlog
51	Can delete 운동 기록	13	delete_workoutlog
52	Can view 운동 기록	13	view_workoutlog
53	Can add 일일 목표	14	add_dailygoal
54	Can change 일일 목표	14	change_dailygoal
55	Can delete 일일 목표	14	delete_dailygoal
56	Can view 일일 목표	14	view_dailygoal
57	Can add 목표	15	add_goal
58	Can change 목표	15	change_goal
59	Can delete 목표	15	delete_goal
60	Can view 목표	15	view_goal
61	Can add 목표 진행도	16	add_goalprogress
62	Can change 목표 진행도	16	change_goalprogress
63	Can delete 목표 진행도	16	delete_goalprogress
64	Can view 목표 진행도	16	view_goalprogress
65	Can add 음식	17	add_food
66	Can change 음식	17	change_food
67	Can delete 음식	17	delete_food
68	Can view 음식	17	view_food
69	Can add 식사	18	add_meal
70	Can change 식사	18	change_meal
71	Can delete 식사	18	delete_meal
72	Can view 식사	18	view_meal
73	Can add 식사 항목	19	add_mealitem
74	Can change 식사 항목	19	change_mealitem
75	Can delete 식사 항목	19	delete_mealitem
76	Can view 식사 항목	19	view_mealitem
77	Can add 영양 기록	20	add_nutritionlog
78	Can change 영양 기록	20	change_nutritionlog
79	Can delete 영양 기록	20	delete_nutritionlog
80	Can view 영양 기록	20	view_nutritionlog
81	Can add 달성도	21	add_achievement
82	Can change 달성도	21	change_achievement
83	Can delete 달성도	21	delete_achievement
84	Can view 달성도	21	view_achievement
85	Can add 일간 리포트	22	add_dailyreport
86	Can change 일간 리포트	22	change_dailyreport
87	Can delete 일간 리포트	22	delete_dailyreport
88	Can view 일간 리포트	22	view_dailyreport
89	Can add 피드백	23	add_feedback
90	Can change 피드백	23	change_feedback
91	Can delete 피드백	23	delete_feedback
92	Can view 피드백	23	view_feedback
93	Can add 피드백 생성 로그	24	add_feedbackgenerationlog
94	Can change 피드백 생성 로그	24	change_feedbackgenerationlog
95	Can delete 피드백 생성 로그	24	delete_feedbackgenerationlog
96	Can view 피드백 생성 로그	24	view_feedbackgenerationlog
\.


--
-- Data for Name: django_admin_log; Type: TABLE DATA; Schema: public; Owner: team2_user
--

COPY public.django_admin_log (id, action_time, object_id, object_repr, action_flag, change_message, content_type_id, user_id) FROM stdin;
\.


--
-- Data for Name: django_content_type; Type: TABLE DATA; Schema: public; Owner: team2_user
--

COPY public.django_content_type (id, app_label, model) FROM stdin;
1	admin	logentry
2	auth	permission
3	auth	group
4	contenttypes	contenttype
5	sessions	session
6	users	customuser
7	users	userprofile
8	users	healthdata
9	tasks	exercise
10	tasks	workoutplan
11	tasks	workoutplangenerationlog
12	tasks	taskitem
13	tasks	workoutlog
14	goals	dailygoal
15	goals	goal
16	goals	goalprogress
17	intakes	food
18	intakes	meal
19	intakes	mealitem
20	intakes	nutritionlog
21	feedbacks	achievement
22	feedbacks	dailyreport
23	feedbacks	feedback
24	feedbacks	feedbackgenerationlog
\.


--
-- Data for Name: django_migrations; Type: TABLE DATA; Schema: public; Owner: team2_user
--

COPY public.django_migrations (id, app, name, applied) FROM stdin;
1	contenttypes	0001_initial	2025-10-24 07:28:31.150444+00
2	contenttypes	0002_remove_content_type_name	2025-10-24 07:28:31.154443+00
3	auth	0001_initial	2025-10-24 07:28:31.182942+00
4	auth	0002_alter_permission_name_max_length	2025-10-24 07:28:31.185857+00
5	auth	0003_alter_user_email_max_length	2025-10-24 07:28:31.188498+00
6	auth	0004_alter_user_username_opts	2025-10-24 07:28:31.191843+00
7	auth	0005_alter_user_last_login_null	2025-10-24 07:28:31.195726+00
8	auth	0006_require_contenttypes_0002	2025-10-24 07:28:31.197339+00
9	auth	0007_alter_validators_add_error_messages	2025-10-24 07:28:31.19992+00
10	auth	0008_alter_user_username_max_length	2025-10-24 07:28:31.202773+00
11	auth	0009_alter_user_last_name_max_length	2025-10-24 07:28:31.206531+00
12	auth	0010_alter_group_name_max_length	2025-10-24 07:28:31.212579+00
13	auth	0011_update_proxy_permissions	2025-10-24 07:28:31.215538+00
14	auth	0012_alter_user_first_name_max_length	2025-10-24 07:28:31.218061+00
15	users	0001_initial	2025-10-24 07:28:31.25845+00
16	admin	0001_initial	2025-10-24 07:28:31.270607+00
17	admin	0002_logentry_remove_auto_add	2025-10-24 07:28:31.276034+00
18	admin	0003_logentry_add_action_flag_choices	2025-10-24 07:28:31.281882+00
19	tasks	0001_initial	2025-10-24 07:28:31.30912+00
20	goals	0001_initial	2025-10-24 07:28:31.316707+00
21	goals	0002_initial	2025-10-24 07:28:31.364462+00
22	tasks	0002_initial	2025-10-24 07:28:31.421646+00
23	tasks	0003_exercise_target	2025-10-24 07:28:31.424646+00
24	tasks	0004_alter_exercise_target	2025-10-24 07:28:31.429589+00
25	tasks	0005_taskitem_completed_taskitem_completed_at_and_more	2025-10-24 07:28:31.451166+00
26	feedbacks	0001_initial	2025-10-24 07:28:31.465549+00
27	feedbacks	0002_initial	2025-10-24 07:28:31.483355+00
28	feedbacks	0003_initial	2025-10-24 07:28:31.550966+00
29	feedbacks	0004_alter_achievement_options_alter_dailyreport_options_and_more	2025-10-24 07:28:31.716134+00
30	intakes	0001_initial	2025-10-24 07:28:31.771265+00
31	intakes	0002_mealitem_ai_confidence_mealitem_ai_label_and_more	2025-10-24 07:28:31.792373+00
32	sessions	0001_initial	2025-10-24 07:28:31.799582+00
\.


--
-- Data for Name: django_session; Type: TABLE DATA; Schema: public; Owner: team2_user
--

COPY public.django_session (session_key, session_data, expire_date) FROM stdin;
tchiz0n3j5enr5eby8limc8i049jhpy2	.eJxVjMsOwiAURP-FtSE85HFduvcbyIULUjWQlHZl_HfbpAtdzpwz82YB16WGdeQ5TMQuzLDTbxcxPXPbAT2w3TtPvS3zFPmu8IMOfuuUX9fD_TuoOOq2dtl4jZSldt5jwSQNWTCUwBc6g1DCq2ijdLk4FaVVQoAk2IItzmlgny_lpTdj:1vCdSL:AvgS_omp4nLftR_MOUQCa9Ie0ZoduLvePexw4oomYbM	2025-11-08 12:33:13.911464+00
\.


--
-- Data for Name: feedbacks_achievement; Type: TABLE DATA; Schema: public; Owner: team2_user
--

COPY public.feedbacks_achievement (id, title, description, badge, achieved_at, shared_to_ai, daily_goal_id, user_id) FROM stdin;
\.


--
-- Data for Name: feedbacks_dailyreport; Type: TABLE DATA; Schema: public; Owner: team2_user
--

COPY public.feedbacks_dailyreport (id, date, summary, highlights, challenges, mood, score, source, ai_model, ai_response, created_at, updated_at, user_id) FROM stdin;
\.


--
-- Data for Name: feedbacks_feedback; Type: TABLE DATA; Schema: public; Owner: team2_user
--

COPY public.feedbacks_feedback (id, message, summary, recommended_action, sentiment_score, source, ai_model, ai_version, ai_prompt, ai_response, ai_confidence, created_at, updated_at, daily_report_id, user_id, workout_plan_id) FROM stdin;
\.


--
-- Data for Name: feedbacks_feedbackgenerationlog; Type: TABLE DATA; Schema: public; Owner: team2_user
--

COPY public.feedbacks_feedbackgenerationlog (id, ai_model, ai_version, prompt, response, created_at, feedback_id, requested_by_id) FROM stdin;
\.


--
-- Data for Name: goals_dailygoal; Type: TABLE DATA; Schema: public; Owner: team2_user
--

COPY public.goals_dailygoal (id, date, kcal_target, protein_target_g, workout_minutes_target, completion_score, user_id, goal_id) FROM stdin;
\.


--
-- Data for Name: goals_goal; Type: TABLE DATA; Schema: public; Owner: team2_user
--

COPY public.goals_goal (id, goal_type, user_id) FROM stdin;
1	maintain	5
\.


--
-- Data for Name: goals_goalprogress; Type: TABLE DATA; Schema: public; Owner: team2_user
--

COPY public.goals_goalprogress (id, date, completed_sessions, goal_id, user_id) FROM stdin;
\.


--
-- Data for Name: intakes_food; Type: TABLE DATA; Schema: public; Owner: team2_user
--

COPY public.intakes_food (id, name, kcal_per_100g, protein_g_per_100g, carb_g_per_100g, fat_g_per_100g) FROM stdin;
\.


--
-- Data for Name: intakes_meal; Type: TABLE DATA; Schema: public; Owner: team2_user
--

COPY public.intakes_meal (id, log_date, meal_type, user_id) FROM stdin;
\.


--
-- Data for Name: intakes_mealitem; Type: TABLE DATA; Schema: public; Owner: team2_user
--

COPY public.intakes_mealitem (id, grams, name, kcal, protein_g, carb_g, fat_g, food_id, meal_id, ai_confidence, ai_label, created_at, photo, serving_g, source) FROM stdin;
\.


--
-- Data for Name: intakes_nutritionlog; Type: TABLE DATA; Schema: public; Owner: team2_user
--

COPY public.intakes_nutritionlog (id, date, kcal_total, protein_total_g, carb_total_g, fat_total_g, user_id) FROM stdin;
\.


--
-- Data for Name: tasks_exercise; Type: TABLE DATA; Schema: public; Owner: team2_user
--

COPY public.tasks_exercise (id, name, description, kcal_burned_per_min, target) FROM stdin;
1	Push-ups		6	chest
\.


--
-- Data for Name: tasks_taskitem; Type: TABLE DATA; Schema: public; Owner: team2_user
--

COPY public.tasks_taskitem (id, duration_min, target_sets, target_reps, intensity, notes, is_ai_recommended, ai_goal, ai_metadata, recommended_weight_range, "order", exercise_id, workout_plan_id, completed, completed_at, skip_reason, skipped) FROM stdin;
1	10	3	12	medium	seeded	f		\N		1	1	1	t	\N	\N	f
2	10	3	12	medium	seeded	f		\N		1	1	2	f	\N	\N	f
\.


--
-- Data for Name: tasks_workoutlog; Type: TABLE DATA; Schema: public; Owner: team2_user
--

COPY public.tasks_workoutlog (id, date, duration_min, kcal_burned, perceived_exertion, ai_adjusted, notes, exercise_id, task_item_id, user_id, workout_plan_id) FROM stdin;
3	2025-10-24	10	0	\N	f		1	1	2	1
4	2025-10-24	10	0	\N	f		1	2	1	2
\.


--
-- Data for Name: tasks_workoutplan; Type: TABLE DATA; Schema: public; Owner: team2_user
--

COPY public.tasks_workoutplan (id, title, description, summary, target_focus, personalization_snapshot, source, ai_model, ai_version, ai_prompt, ai_response, ai_confidence, created_at, updated_at, last_synced_at, goal_id, user_id) FROM stdin;
1					\N	manual				\N	\N	2025-10-24 07:34:03.878175+00	2025-10-24 07:34:03.878368+00	\N	\N	2
2	Dev Plan				\N	manual				\N	\N	2025-10-24 08:41:01.63791+00	2025-10-24 08:41:01.638157+00	\N	\N	1
\.


--
-- Data for Name: tasks_workoutplangenerationlog; Type: TABLE DATA; Schema: public; Owner: team2_user
--

COPY public.tasks_workoutplangenerationlog (id, ai_model, ai_version, prompt, response, created_at, plan_id, requested_by_id) FROM stdin;
\.


--
-- Data for Name: users_customuser; Type: TABLE DATA; Schema: public; Owner: team2_user
--

COPY public.users_customuser (id, password, last_login, is_superuser, first_name, last_name, is_staff, is_active, date_joined, username, email, nickname, created_at, updated_at) FROM stdin;
2	pbkdf2_sha256$1000000$yp0MTUfYoh1EtPOX0P90gk$/8dKHYosmQFcGfwkKB7sRKHVajAsNM7FGrv3qhfKV7U=	\N	f			f	t	2025-10-24 07:31:27.714236+00	tester			2025-10-24 07:31:27.714621+00	2025-10-24 07:33:03.861366+00
1	pbkdf2_sha256$1000000$S9deQhAXdC8FsujSij7Rza$xIaDkSL9BrnlZyxf9JjwZdSLRrpkH+jrsBkAnatCpU0=	2025-10-25 10:15:34.166381+00	t			t	t	2025-10-24 07:30:15.475785+00	swj6824	swj6824@naver.com	WonJin	2025-10-24 07:30:15.628901+00	2025-10-24 07:30:15.628908+00
3	pbkdf2_sha256$1000000$aGsUQZCvjaylTecFWnYXWd$p3rk61l6/Y2uEbBPRyTkDVMiIu2vknuICrr22WMYiuQ=	\N	f			f	t	2025-10-25 10:18:50.375064+00	testuser	t@e.co		2025-10-25 10:18:50.498451+00	2025-10-25 10:18:50.498456+00
4	pbkdf2_sha256$1000000$WLVlH18LQeep2FC4jpJrbD$RX+4YCmosdyys1whHrSICxm8Pqj0TkQC0A2dsENtCww=	\N	f			f	t	2025-10-25 10:23:03.044775+00	testuser2	t2@e.co		2025-10-25 10:23:03.166677+00	2025-10-25 10:23:03.166682+00
5	pbkdf2_sha256$1000000$8ZI6AWaP9JCnc6pYXarsuD$l0YqGkGFs4trz63yJ+2GtJq1AchwhKmwAcJe2msa6+8=	2025-10-25 12:33:13.907111+00	f			f	t	2025-10-25 12:33:13.316524+00	u39281	n39281@test.com	n39281	2025-10-25 12:33:13.445274+00	2025-10-25 12:33:13.44528+00
\.


--
-- Data for Name: users_customuser_groups; Type: TABLE DATA; Schema: public; Owner: team2_user
--

COPY public.users_customuser_groups (id, customuser_id, group_id) FROM stdin;
\.


--
-- Data for Name: users_customuser_user_permissions; Type: TABLE DATA; Schema: public; Owner: team2_user
--

COPY public.users_customuser_user_permissions (id, customuser_id, permission_id) FROM stdin;
\.


--
-- Data for Name: users_healthdata; Type: TABLE DATA; Schema: public; Owner: team2_user
--

COPY public.users_healthdata (id, date, weight_kg, body_fat_percentage, muscle_mass_kg, blood_pressure_systolic, blood_pressure_diastolic, heart_rate_bpm, sleep_hours, sleep_quality, water_intake_ml, stress_level, mood_score, steps_count, exercise_minutes, notes, created_at, updated_at, user_id) FROM stdin;
\.


--
-- Data for Name: users_userprofile; Type: TABLE DATA; Schema: public; Owner: team2_user
--

COPY public.users_userprofile (id, gender, height_cm, weight_kg, target_weight_kg, activity_level, birth_date, phone_number, created_at, updated_at, user_id) FROM stdin;
2	\N	\N	\N	\N	2	\N		2025-10-24 07:31:27.716726+00	2025-10-24 07:33:03.868659+00	2
1	\N	\N	\N	\N	2	\N		2025-10-24 07:30:15.633644+00	2025-10-25 10:15:34.172048+00	1
3	\N	\N	\N	\N	2	\N		2025-10-25 10:18:50.502528+00	2025-10-25 10:18:50.504968+00	3
4	\N	\N	\N	\N	2	\N		2025-10-25 10:23:03.172908+00	2025-10-25 10:23:03.174913+00	4
5	\N	170	80	\N	2	2005-10-25		2025-10-25 12:33:13.453809+00	2025-10-25 12:35:40.294351+00	5
\.


--
-- Name: auth_group_id_seq; Type: SEQUENCE SET; Schema: public; Owner: team2_user
--

SELECT pg_catalog.setval('public.auth_group_id_seq', 1, false);


--
-- Name: auth_group_permissions_id_seq; Type: SEQUENCE SET; Schema: public; Owner: team2_user
--

SELECT pg_catalog.setval('public.auth_group_permissions_id_seq', 1, false);


--
-- Name: auth_permission_id_seq; Type: SEQUENCE SET; Schema: public; Owner: team2_user
--

SELECT pg_catalog.setval('public.auth_permission_id_seq', 96, true);


--
-- Name: django_admin_log_id_seq; Type: SEQUENCE SET; Schema: public; Owner: team2_user
--

SELECT pg_catalog.setval('public.django_admin_log_id_seq', 1, false);


--
-- Name: django_content_type_id_seq; Type: SEQUENCE SET; Schema: public; Owner: team2_user
--

SELECT pg_catalog.setval('public.django_content_type_id_seq', 24, true);


--
-- Name: django_migrations_id_seq; Type: SEQUENCE SET; Schema: public; Owner: team2_user
--

SELECT pg_catalog.setval('public.django_migrations_id_seq', 32, true);


--
-- Name: feedbacks_achievement_id_seq; Type: SEQUENCE SET; Schema: public; Owner: team2_user
--

SELECT pg_catalog.setval('public.feedbacks_achievement_id_seq', 1, false);


--
-- Name: feedbacks_dailyreport_id_seq; Type: SEQUENCE SET; Schema: public; Owner: team2_user
--

SELECT pg_catalog.setval('public.feedbacks_dailyreport_id_seq', 1, false);


--
-- Name: feedbacks_feedback_id_seq; Type: SEQUENCE SET; Schema: public; Owner: team2_user
--

SELECT pg_catalog.setval('public.feedbacks_feedback_id_seq', 1, false);


--
-- Name: feedbacks_feedbackgenerationlog_id_seq; Type: SEQUENCE SET; Schema: public; Owner: team2_user
--

SELECT pg_catalog.setval('public.feedbacks_feedbackgenerationlog_id_seq', 1, false);


--
-- Name: goals_dailygoal_id_seq; Type: SEQUENCE SET; Schema: public; Owner: team2_user
--

SELECT pg_catalog.setval('public.goals_dailygoal_id_seq', 1, false);


--
-- Name: goals_goal_id_seq; Type: SEQUENCE SET; Schema: public; Owner: team2_user
--

SELECT pg_catalog.setval('public.goals_goal_id_seq', 1, true);


--
-- Name: goals_goalprogress_id_seq; Type: SEQUENCE SET; Schema: public; Owner: team2_user
--

SELECT pg_catalog.setval('public.goals_goalprogress_id_seq', 1, false);


--
-- Name: intakes_food_id_seq; Type: SEQUENCE SET; Schema: public; Owner: team2_user
--

SELECT pg_catalog.setval('public.intakes_food_id_seq', 1, false);


--
-- Name: intakes_meal_id_seq; Type: SEQUENCE SET; Schema: public; Owner: team2_user
--

SELECT pg_catalog.setval('public.intakes_meal_id_seq', 1, false);


--
-- Name: intakes_mealitem_id_seq; Type: SEQUENCE SET; Schema: public; Owner: team2_user
--

SELECT pg_catalog.setval('public.intakes_mealitem_id_seq', 1, false);


--
-- Name: intakes_nutritionlog_id_seq; Type: SEQUENCE SET; Schema: public; Owner: team2_user
--

SELECT pg_catalog.setval('public.intakes_nutritionlog_id_seq', 1, false);


--
-- Name: tasks_exercise_id_seq; Type: SEQUENCE SET; Schema: public; Owner: team2_user
--

SELECT pg_catalog.setval('public.tasks_exercise_id_seq', 1, true);


--
-- Name: tasks_taskitem_id_seq; Type: SEQUENCE SET; Schema: public; Owner: team2_user
--

SELECT pg_catalog.setval('public.tasks_taskitem_id_seq', 2, true);


--
-- Name: tasks_workoutlog_id_seq; Type: SEQUENCE SET; Schema: public; Owner: team2_user
--

SELECT pg_catalog.setval('public.tasks_workoutlog_id_seq', 4, true);


--
-- Name: tasks_workoutplan_id_seq; Type: SEQUENCE SET; Schema: public; Owner: team2_user
--

SELECT pg_catalog.setval('public.tasks_workoutplan_id_seq', 2, true);


--
-- Name: tasks_workoutplangenerationlog_id_seq; Type: SEQUENCE SET; Schema: public; Owner: team2_user
--

SELECT pg_catalog.setval('public.tasks_workoutplangenerationlog_id_seq', 1, false);


--
-- Name: users_customuser_groups_id_seq; Type: SEQUENCE SET; Schema: public; Owner: team2_user
--

SELECT pg_catalog.setval('public.users_customuser_groups_id_seq', 1, false);


--
-- Name: users_customuser_id_seq; Type: SEQUENCE SET; Schema: public; Owner: team2_user
--

SELECT pg_catalog.setval('public.users_customuser_id_seq', 5, true);


--
-- Name: users_customuser_user_permissions_id_seq; Type: SEQUENCE SET; Schema: public; Owner: team2_user
--

SELECT pg_catalog.setval('public.users_customuser_user_permissions_id_seq', 1, false);


--
-- Name: users_healthdata_id_seq; Type: SEQUENCE SET; Schema: public; Owner: team2_user
--

SELECT pg_catalog.setval('public.users_healthdata_id_seq', 1, false);


--
-- Name: users_userprofile_id_seq; Type: SEQUENCE SET; Schema: public; Owner: team2_user
--

SELECT pg_catalog.setval('public.users_userprofile_id_seq', 5, true);


--
-- Name: auth_group auth_group_name_key; Type: CONSTRAINT; Schema: public; Owner: team2_user
--

ALTER TABLE ONLY public.auth_group
    ADD CONSTRAINT auth_group_name_key UNIQUE (name);


--
-- Name: auth_group_permissions auth_group_permissions_group_id_permission_id_0cd325b0_uniq; Type: CONSTRAINT; Schema: public; Owner: team2_user
--

ALTER TABLE ONLY public.auth_group_permissions
    ADD CONSTRAINT auth_group_permissions_group_id_permission_id_0cd325b0_uniq UNIQUE (group_id, permission_id);


--
-- Name: auth_group_permissions auth_group_permissions_pkey; Type: CONSTRAINT; Schema: public; Owner: team2_user
--

ALTER TABLE ONLY public.auth_group_permissions
    ADD CONSTRAINT auth_group_permissions_pkey PRIMARY KEY (id);


--
-- Name: auth_group auth_group_pkey; Type: CONSTRAINT; Schema: public; Owner: team2_user
--

ALTER TABLE ONLY public.auth_group
    ADD CONSTRAINT auth_group_pkey PRIMARY KEY (id);


--
-- Name: auth_permission auth_permission_content_type_id_codename_01ab375a_uniq; Type: CONSTRAINT; Schema: public; Owner: team2_user
--

ALTER TABLE ONLY public.auth_permission
    ADD CONSTRAINT auth_permission_content_type_id_codename_01ab375a_uniq UNIQUE (content_type_id, codename);


--
-- Name: auth_permission auth_permission_pkey; Type: CONSTRAINT; Schema: public; Owner: team2_user
--

ALTER TABLE ONLY public.auth_permission
    ADD CONSTRAINT auth_permission_pkey PRIMARY KEY (id);


--
-- Name: django_admin_log django_admin_log_pkey; Type: CONSTRAINT; Schema: public; Owner: team2_user
--

ALTER TABLE ONLY public.django_admin_log
    ADD CONSTRAINT django_admin_log_pkey PRIMARY KEY (id);


--
-- Name: django_content_type django_content_type_app_label_model_76bd3d3b_uniq; Type: CONSTRAINT; Schema: public; Owner: team2_user
--

ALTER TABLE ONLY public.django_content_type
    ADD CONSTRAINT django_content_type_app_label_model_76bd3d3b_uniq UNIQUE (app_label, model);


--
-- Name: django_content_type django_content_type_pkey; Type: CONSTRAINT; Schema: public; Owner: team2_user
--

ALTER TABLE ONLY public.django_content_type
    ADD CONSTRAINT django_content_type_pkey PRIMARY KEY (id);


--
-- Name: django_migrations django_migrations_pkey; Type: CONSTRAINT; Schema: public; Owner: team2_user
--

ALTER TABLE ONLY public.django_migrations
    ADD CONSTRAINT django_migrations_pkey PRIMARY KEY (id);


--
-- Name: django_session django_session_pkey; Type: CONSTRAINT; Schema: public; Owner: team2_user
--

ALTER TABLE ONLY public.django_session
    ADD CONSTRAINT django_session_pkey PRIMARY KEY (session_key);


--
-- Name: feedbacks_achievement feedbacks_achievement_pkey; Type: CONSTRAINT; Schema: public; Owner: team2_user
--

ALTER TABLE ONLY public.feedbacks_achievement
    ADD CONSTRAINT feedbacks_achievement_pkey PRIMARY KEY (id);


--
-- Name: feedbacks_dailyreport feedbacks_dailyreport_pkey; Type: CONSTRAINT; Schema: public; Owner: team2_user
--

ALTER TABLE ONLY public.feedbacks_dailyreport
    ADD CONSTRAINT feedbacks_dailyreport_pkey PRIMARY KEY (id);


--
-- Name: feedbacks_feedback feedbacks_feedback_pkey; Type: CONSTRAINT; Schema: public; Owner: team2_user
--

ALTER TABLE ONLY public.feedbacks_feedback
    ADD CONSTRAINT feedbacks_feedback_pkey PRIMARY KEY (id);


--
-- Name: feedbacks_feedbackgenerationlog feedbacks_feedbackgenerationlog_pkey; Type: CONSTRAINT; Schema: public; Owner: team2_user
--

ALTER TABLE ONLY public.feedbacks_feedbackgenerationlog
    ADD CONSTRAINT feedbacks_feedbackgenerationlog_pkey PRIMARY KEY (id);


--
-- Name: goals_dailygoal goals_dailygoal_pkey; Type: CONSTRAINT; Schema: public; Owner: team2_user
--

ALTER TABLE ONLY public.goals_dailygoal
    ADD CONSTRAINT goals_dailygoal_pkey PRIMARY KEY (id);


--
-- Name: goals_dailygoal goals_dailygoal_user_id_goal_id_date_7415a931_uniq; Type: CONSTRAINT; Schema: public; Owner: team2_user
--

ALTER TABLE ONLY public.goals_dailygoal
    ADD CONSTRAINT goals_dailygoal_user_id_goal_id_date_7415a931_uniq UNIQUE (user_id, goal_id, date);


--
-- Name: goals_goal goals_goal_pkey; Type: CONSTRAINT; Schema: public; Owner: team2_user
--

ALTER TABLE ONLY public.goals_goal
    ADD CONSTRAINT goals_goal_pkey PRIMARY KEY (id);


--
-- Name: goals_goalprogress goals_goalprogress_pkey; Type: CONSTRAINT; Schema: public; Owner: team2_user
--

ALTER TABLE ONLY public.goals_goalprogress
    ADD CONSTRAINT goals_goalprogress_pkey PRIMARY KEY (id);


--
-- Name: goals_goalprogress goals_goalprogress_user_id_goal_id_date_a5a70291_uniq; Type: CONSTRAINT; Schema: public; Owner: team2_user
--

ALTER TABLE ONLY public.goals_goalprogress
    ADD CONSTRAINT goals_goalprogress_user_id_goal_id_date_a5a70291_uniq UNIQUE (user_id, goal_id, date);


--
-- Name: intakes_food intakes_food_name_key; Type: CONSTRAINT; Schema: public; Owner: team2_user
--

ALTER TABLE ONLY public.intakes_food
    ADD CONSTRAINT intakes_food_name_key UNIQUE (name);


--
-- Name: intakes_food intakes_food_pkey; Type: CONSTRAINT; Schema: public; Owner: team2_user
--

ALTER TABLE ONLY public.intakes_food
    ADD CONSTRAINT intakes_food_pkey PRIMARY KEY (id);


--
-- Name: intakes_meal intakes_meal_pkey; Type: CONSTRAINT; Schema: public; Owner: team2_user
--

ALTER TABLE ONLY public.intakes_meal
    ADD CONSTRAINT intakes_meal_pkey PRIMARY KEY (id);


--
-- Name: intakes_mealitem intakes_mealitem_pkey; Type: CONSTRAINT; Schema: public; Owner: team2_user
--

ALTER TABLE ONLY public.intakes_mealitem
    ADD CONSTRAINT intakes_mealitem_pkey PRIMARY KEY (id);


--
-- Name: intakes_nutritionlog intakes_nutritionlog_pkey; Type: CONSTRAINT; Schema: public; Owner: team2_user
--

ALTER TABLE ONLY public.intakes_nutritionlog
    ADD CONSTRAINT intakes_nutritionlog_pkey PRIMARY KEY (id);


--
-- Name: intakes_nutritionlog intakes_nutritionlog_user_id_date_d0df9bec_uniq; Type: CONSTRAINT; Schema: public; Owner: team2_user
--

ALTER TABLE ONLY public.intakes_nutritionlog
    ADD CONSTRAINT intakes_nutritionlog_user_id_date_d0df9bec_uniq UNIQUE (user_id, date);


--
-- Name: tasks_exercise tasks_exercise_pkey; Type: CONSTRAINT; Schema: public; Owner: team2_user
--

ALTER TABLE ONLY public.tasks_exercise
    ADD CONSTRAINT tasks_exercise_pkey PRIMARY KEY (id);


--
-- Name: tasks_taskitem tasks_taskitem_pkey; Type: CONSTRAINT; Schema: public; Owner: team2_user
--

ALTER TABLE ONLY public.tasks_taskitem
    ADD CONSTRAINT tasks_taskitem_pkey PRIMARY KEY (id);


--
-- Name: tasks_workoutlog tasks_workoutlog_pkey; Type: CONSTRAINT; Schema: public; Owner: team2_user
--

ALTER TABLE ONLY public.tasks_workoutlog
    ADD CONSTRAINT tasks_workoutlog_pkey PRIMARY KEY (id);


--
-- Name: tasks_workoutplan tasks_workoutplan_pkey; Type: CONSTRAINT; Schema: public; Owner: team2_user
--

ALTER TABLE ONLY public.tasks_workoutplan
    ADD CONSTRAINT tasks_workoutplan_pkey PRIMARY KEY (id);


--
-- Name: tasks_workoutplangenerationlog tasks_workoutplangenerationlog_pkey; Type: CONSTRAINT; Schema: public; Owner: team2_user
--

ALTER TABLE ONLY public.tasks_workoutplangenerationlog
    ADD CONSTRAINT tasks_workoutplangenerationlog_pkey PRIMARY KEY (id);


--
-- Name: feedbacks_dailyreport unique_daily_report_per_user_date; Type: CONSTRAINT; Schema: public; Owner: team2_user
--

ALTER TABLE ONLY public.feedbacks_dailyreport
    ADD CONSTRAINT unique_daily_report_per_user_date UNIQUE (user_id, date);


--
-- Name: users_customuser_groups users_customuser_groups_customuser_id_group_id_76b619e3_uniq; Type: CONSTRAINT; Schema: public; Owner: team2_user
--

ALTER TABLE ONLY public.users_customuser_groups
    ADD CONSTRAINT users_customuser_groups_customuser_id_group_id_76b619e3_uniq UNIQUE (customuser_id, group_id);


--
-- Name: users_customuser_groups users_customuser_groups_pkey; Type: CONSTRAINT; Schema: public; Owner: team2_user
--

ALTER TABLE ONLY public.users_customuser_groups
    ADD CONSTRAINT users_customuser_groups_pkey PRIMARY KEY (id);


--
-- Name: users_customuser users_customuser_pkey; Type: CONSTRAINT; Schema: public; Owner: team2_user
--

ALTER TABLE ONLY public.users_customuser
    ADD CONSTRAINT users_customuser_pkey PRIMARY KEY (id);


--
-- Name: users_customuser_user_permissions users_customuser_user_pe_customuser_id_permission_7a7debf6_uniq; Type: CONSTRAINT; Schema: public; Owner: team2_user
--

ALTER TABLE ONLY public.users_customuser_user_permissions
    ADD CONSTRAINT users_customuser_user_pe_customuser_id_permission_7a7debf6_uniq UNIQUE (customuser_id, permission_id);


--
-- Name: users_customuser_user_permissions users_customuser_user_permissions_pkey; Type: CONSTRAINT; Schema: public; Owner: team2_user
--

ALTER TABLE ONLY public.users_customuser_user_permissions
    ADD CONSTRAINT users_customuser_user_permissions_pkey PRIMARY KEY (id);


--
-- Name: users_customuser users_customuser_username_key; Type: CONSTRAINT; Schema: public; Owner: team2_user
--

ALTER TABLE ONLY public.users_customuser
    ADD CONSTRAINT users_customuser_username_key UNIQUE (username);


--
-- Name: users_healthdata users_healthdata_pkey; Type: CONSTRAINT; Schema: public; Owner: team2_user
--

ALTER TABLE ONLY public.users_healthdata
    ADD CONSTRAINT users_healthdata_pkey PRIMARY KEY (id);


--
-- Name: users_healthdata users_healthdata_user_id_date_1ca56bef_uniq; Type: CONSTRAINT; Schema: public; Owner: team2_user
--

ALTER TABLE ONLY public.users_healthdata
    ADD CONSTRAINT users_healthdata_user_id_date_1ca56bef_uniq UNIQUE (user_id, date);


--
-- Name: users_userprofile users_userprofile_pkey; Type: CONSTRAINT; Schema: public; Owner: team2_user
--

ALTER TABLE ONLY public.users_userprofile
    ADD CONSTRAINT users_userprofile_pkey PRIMARY KEY (id);


--
-- Name: users_userprofile users_userprofile_user_id_key; Type: CONSTRAINT; Schema: public; Owner: team2_user
--

ALTER TABLE ONLY public.users_userprofile
    ADD CONSTRAINT users_userprofile_user_id_key UNIQUE (user_id);


--
-- Name: ach_user_time_idx; Type: INDEX; Schema: public; Owner: team2_user
--

CREATE INDEX ach_user_time_idx ON public.feedbacks_achievement USING btree (user_id, achieved_at);


--
-- Name: auth_group_name_a6ea08ec_like; Type: INDEX; Schema: public; Owner: team2_user
--

CREATE INDEX auth_group_name_a6ea08ec_like ON public.auth_group USING btree (name varchar_pattern_ops);


--
-- Name: auth_group_permissions_group_id_b120cbf9; Type: INDEX; Schema: public; Owner: team2_user
--

CREATE INDEX auth_group_permissions_group_id_b120cbf9 ON public.auth_group_permissions USING btree (group_id);


--
-- Name: auth_group_permissions_permission_id_84c5c92e; Type: INDEX; Schema: public; Owner: team2_user
--

CREATE INDEX auth_group_permissions_permission_id_84c5c92e ON public.auth_group_permissions USING btree (permission_id);


--
-- Name: auth_permission_content_type_id_2f476e4b; Type: INDEX; Schema: public; Owner: team2_user
--

CREATE INDEX auth_permission_content_type_id_2f476e4b ON public.auth_permission USING btree (content_type_id);


--
-- Name: django_admin_log_content_type_id_c4bce8eb; Type: INDEX; Schema: public; Owner: team2_user
--

CREATE INDEX django_admin_log_content_type_id_c4bce8eb ON public.django_admin_log USING btree (content_type_id);


--
-- Name: django_admin_log_user_id_c564eba6; Type: INDEX; Schema: public; Owner: team2_user
--

CREATE INDEX django_admin_log_user_id_c564eba6 ON public.django_admin_log USING btree (user_id);


--
-- Name: django_session_expire_date_a5c62663; Type: INDEX; Schema: public; Owner: team2_user
--

CREATE INDEX django_session_expire_date_a5c62663 ON public.django_session USING btree (expire_date);


--
-- Name: django_session_session_key_c0390e0f_like; Type: INDEX; Schema: public; Owner: team2_user
--

CREATE INDEX django_session_session_key_c0390e0f_like ON public.django_session USING btree (session_key varchar_pattern_ops);


--
-- Name: dr_user_date_idx; Type: INDEX; Schema: public; Owner: team2_user
--

CREATE INDEX dr_user_date_idx ON public.feedbacks_dailyreport USING btree (user_id, date);


--
-- Name: fb_daily_report_idx; Type: INDEX; Schema: public; Owner: team2_user
--

CREATE INDEX fb_daily_report_idx ON public.feedbacks_feedback USING btree (daily_report_id);


--
-- Name: fb_user_created_idx; Type: INDEX; Schema: public; Owner: team2_user
--

CREATE INDEX fb_user_created_idx ON public.feedbacks_feedback USING btree (user_id, created_at);


--
-- Name: feedbacks_achievement_daily_goal_id_ce56a551; Type: INDEX; Schema: public; Owner: team2_user
--

CREATE INDEX feedbacks_achievement_daily_goal_id_ce56a551 ON public.feedbacks_achievement USING btree (daily_goal_id);


--
-- Name: feedbacks_achievement_user_id_371356ae; Type: INDEX; Schema: public; Owner: team2_user
--

CREATE INDEX feedbacks_achievement_user_id_371356ae ON public.feedbacks_achievement USING btree (user_id);


--
-- Name: feedbacks_dailyreport_user_id_e62f2a48; Type: INDEX; Schema: public; Owner: team2_user
--

CREATE INDEX feedbacks_dailyreport_user_id_e62f2a48 ON public.feedbacks_dailyreport USING btree (user_id);


--
-- Name: feedbacks_feedback_daily_report_id_3ebadfd0; Type: INDEX; Schema: public; Owner: team2_user
--

CREATE INDEX feedbacks_feedback_daily_report_id_3ebadfd0 ON public.feedbacks_feedback USING btree (daily_report_id);


--
-- Name: feedbacks_feedback_user_id_46f8dc98; Type: INDEX; Schema: public; Owner: team2_user
--

CREATE INDEX feedbacks_feedback_user_id_46f8dc98 ON public.feedbacks_feedback USING btree (user_id);


--
-- Name: feedbacks_feedback_workout_plan_id_dfefd73b; Type: INDEX; Schema: public; Owner: team2_user
--

CREATE INDEX feedbacks_feedback_workout_plan_id_dfefd73b ON public.feedbacks_feedback USING btree (workout_plan_id);


--
-- Name: feedbacks_feedbackgenerationlog_feedback_id_8d63db19; Type: INDEX; Schema: public; Owner: team2_user
--

CREATE INDEX feedbacks_feedbackgenerationlog_feedback_id_8d63db19 ON public.feedbacks_feedbackgenerationlog USING btree (feedback_id);


--
-- Name: feedbacks_feedbackgenerationlog_requested_by_id_977dabd7; Type: INDEX; Schema: public; Owner: team2_user
--

CREATE INDEX feedbacks_feedbackgenerationlog_requested_by_id_977dabd7 ON public.feedbacks_feedbackgenerationlog USING btree (requested_by_id);


--
-- Name: fgl_fb_time_idx; Type: INDEX; Schema: public; Owner: team2_user
--

CREATE INDEX fgl_fb_time_idx ON public.feedbacks_feedbackgenerationlog USING btree (feedback_id, created_at);


--
-- Name: goals_dailygoal_goal_id_f5f2b93b; Type: INDEX; Schema: public; Owner: team2_user
--

CREATE INDEX goals_dailygoal_goal_id_f5f2b93b ON public.goals_dailygoal USING btree (goal_id);


--
-- Name: goals_dailygoal_user_id_315b34be; Type: INDEX; Schema: public; Owner: team2_user
--

CREATE INDEX goals_dailygoal_user_id_315b34be ON public.goals_dailygoal USING btree (user_id);


--
-- Name: goals_goal_user_id_31fcb355; Type: INDEX; Schema: public; Owner: team2_user
--

CREATE INDEX goals_goal_user_id_31fcb355 ON public.goals_goal USING btree (user_id);


--
-- Name: goals_goalprogress_goal_id_60426fc5; Type: INDEX; Schema: public; Owner: team2_user
--

CREATE INDEX goals_goalprogress_goal_id_60426fc5 ON public.goals_goalprogress USING btree (goal_id);


--
-- Name: goals_goalprogress_user_id_b43adcdf; Type: INDEX; Schema: public; Owner: team2_user
--

CREATE INDEX goals_goalprogress_user_id_b43adcdf ON public.goals_goalprogress USING btree (user_id);


--
-- Name: intakes_food_name_14c95859_like; Type: INDEX; Schema: public; Owner: team2_user
--

CREATE INDEX intakes_food_name_14c95859_like ON public.intakes_food USING btree (name varchar_pattern_ops);


--
-- Name: intakes_meal_user_id_5605c7dc; Type: INDEX; Schema: public; Owner: team2_user
--

CREATE INDEX intakes_meal_user_id_5605c7dc ON public.intakes_meal USING btree (user_id);


--
-- Name: intakes_mealitem_food_id_e35f2ddc; Type: INDEX; Schema: public; Owner: team2_user
--

CREATE INDEX intakes_mealitem_food_id_e35f2ddc ON public.intakes_mealitem USING btree (food_id);


--
-- Name: intakes_mealitem_meal_id_00f34b39; Type: INDEX; Schema: public; Owner: team2_user
--

CREATE INDEX intakes_mealitem_meal_id_00f34b39 ON public.intakes_mealitem USING btree (meal_id);


--
-- Name: intakes_nutritionlog_user_id_91d4fcbc; Type: INDEX; Schema: public; Owner: team2_user
--

CREATE INDEX intakes_nutritionlog_user_id_91d4fcbc ON public.intakes_nutritionlog USING btree (user_id);


--
-- Name: tasks_taskitem_exercise_id_e762e6e4; Type: INDEX; Schema: public; Owner: team2_user
--

CREATE INDEX tasks_taskitem_exercise_id_e762e6e4 ON public.tasks_taskitem USING btree (exercise_id);


--
-- Name: tasks_taskitem_workout_plan_id_62f41768; Type: INDEX; Schema: public; Owner: team2_user
--

CREATE INDEX tasks_taskitem_workout_plan_id_62f41768 ON public.tasks_taskitem USING btree (workout_plan_id);


--
-- Name: tasks_workoutlog_exercise_id_0baae39b; Type: INDEX; Schema: public; Owner: team2_user
--

CREATE INDEX tasks_workoutlog_exercise_id_0baae39b ON public.tasks_workoutlog USING btree (exercise_id);


--
-- Name: tasks_workoutlog_task_item_id_235d05b9; Type: INDEX; Schema: public; Owner: team2_user
--

CREATE INDEX tasks_workoutlog_task_item_id_235d05b9 ON public.tasks_workoutlog USING btree (task_item_id);


--
-- Name: tasks_workoutlog_user_id_52c98f27; Type: INDEX; Schema: public; Owner: team2_user
--

CREATE INDEX tasks_workoutlog_user_id_52c98f27 ON public.tasks_workoutlog USING btree (user_id);


--
-- Name: tasks_workoutlog_workout_plan_id_7eefb1d4; Type: INDEX; Schema: public; Owner: team2_user
--

CREATE INDEX tasks_workoutlog_workout_plan_id_7eefb1d4 ON public.tasks_workoutlog USING btree (workout_plan_id);


--
-- Name: tasks_workoutplan_goal_id_c0106448; Type: INDEX; Schema: public; Owner: team2_user
--

CREATE INDEX tasks_workoutplan_goal_id_c0106448 ON public.tasks_workoutplan USING btree (goal_id);


--
-- Name: tasks_workoutplan_user_id_d4ffcac5; Type: INDEX; Schema: public; Owner: team2_user
--

CREATE INDEX tasks_workoutplan_user_id_d4ffcac5 ON public.tasks_workoutplan USING btree (user_id);


--
-- Name: tasks_workoutplangenerationlog_plan_id_64cb2d5c; Type: INDEX; Schema: public; Owner: team2_user
--

CREATE INDEX tasks_workoutplangenerationlog_plan_id_64cb2d5c ON public.tasks_workoutplangenerationlog USING btree (plan_id);


--
-- Name: tasks_workoutplangenerationlog_requested_by_id_3fa739ee; Type: INDEX; Schema: public; Owner: team2_user
--

CREATE INDEX tasks_workoutplangenerationlog_requested_by_id_3fa739ee ON public.tasks_workoutplangenerationlog USING btree (requested_by_id);


--
-- Name: uniq_ai_feedback_per_report; Type: INDEX; Schema: public; Owner: team2_user
--

CREATE UNIQUE INDEX uniq_ai_feedback_per_report ON public.feedbacks_feedback USING btree (daily_report_id, source) WHERE ((source)::text = 'ai'::text);


--
-- Name: users_customuser_groups_customuser_id_958147bf; Type: INDEX; Schema: public; Owner: team2_user
--

CREATE INDEX users_customuser_groups_customuser_id_958147bf ON public.users_customuser_groups USING btree (customuser_id);


--
-- Name: users_customuser_groups_group_id_01390b14; Type: INDEX; Schema: public; Owner: team2_user
--

CREATE INDEX users_customuser_groups_group_id_01390b14 ON public.users_customuser_groups USING btree (group_id);


--
-- Name: users_customuser_user_permissions_customuser_id_5771478b; Type: INDEX; Schema: public; Owner: team2_user
--

CREATE INDEX users_customuser_user_permissions_customuser_id_5771478b ON public.users_customuser_user_permissions USING btree (customuser_id);


--
-- Name: users_customuser_user_permissions_permission_id_baaa2f74; Type: INDEX; Schema: public; Owner: team2_user
--

CREATE INDEX users_customuser_user_permissions_permission_id_baaa2f74 ON public.users_customuser_user_permissions USING btree (permission_id);


--
-- Name: users_customuser_username_80452fdf_like; Type: INDEX; Schema: public; Owner: team2_user
--

CREATE INDEX users_customuser_username_80452fdf_like ON public.users_customuser USING btree (username varchar_pattern_ops);


--
-- Name: users_healthdata_user_id_769d8fe1; Type: INDEX; Schema: public; Owner: team2_user
--

CREATE INDEX users_healthdata_user_id_769d8fe1 ON public.users_healthdata USING btree (user_id);


--
-- Name: auth_group_permissions auth_group_permissio_permission_id_84c5c92e_fk_auth_perm; Type: FK CONSTRAINT; Schema: public; Owner: team2_user
--

ALTER TABLE ONLY public.auth_group_permissions
    ADD CONSTRAINT auth_group_permissio_permission_id_84c5c92e_fk_auth_perm FOREIGN KEY (permission_id) REFERENCES public.auth_permission(id) DEFERRABLE INITIALLY DEFERRED;


--
-- Name: auth_group_permissions auth_group_permissions_group_id_b120cbf9_fk_auth_group_id; Type: FK CONSTRAINT; Schema: public; Owner: team2_user
--

ALTER TABLE ONLY public.auth_group_permissions
    ADD CONSTRAINT auth_group_permissions_group_id_b120cbf9_fk_auth_group_id FOREIGN KEY (group_id) REFERENCES public.auth_group(id) DEFERRABLE INITIALLY DEFERRED;


--
-- Name: auth_permission auth_permission_content_type_id_2f476e4b_fk_django_co; Type: FK CONSTRAINT; Schema: public; Owner: team2_user
--

ALTER TABLE ONLY public.auth_permission
    ADD CONSTRAINT auth_permission_content_type_id_2f476e4b_fk_django_co FOREIGN KEY (content_type_id) REFERENCES public.django_content_type(id) DEFERRABLE INITIALLY DEFERRED;


--
-- Name: django_admin_log django_admin_log_content_type_id_c4bce8eb_fk_django_co; Type: FK CONSTRAINT; Schema: public; Owner: team2_user
--

ALTER TABLE ONLY public.django_admin_log
    ADD CONSTRAINT django_admin_log_content_type_id_c4bce8eb_fk_django_co FOREIGN KEY (content_type_id) REFERENCES public.django_content_type(id) DEFERRABLE INITIALLY DEFERRED;


--
-- Name: django_admin_log django_admin_log_user_id_c564eba6_fk_users_customuser_id; Type: FK CONSTRAINT; Schema: public; Owner: team2_user
--

ALTER TABLE ONLY public.django_admin_log
    ADD CONSTRAINT django_admin_log_user_id_c564eba6_fk_users_customuser_id FOREIGN KEY (user_id) REFERENCES public.users_customuser(id) DEFERRABLE INITIALLY DEFERRED;


--
-- Name: feedbacks_achievement feedbacks_achievemen_daily_goal_id_ce56a551_fk_goals_dai; Type: FK CONSTRAINT; Schema: public; Owner: team2_user
--

ALTER TABLE ONLY public.feedbacks_achievement
    ADD CONSTRAINT feedbacks_achievemen_daily_goal_id_ce56a551_fk_goals_dai FOREIGN KEY (daily_goal_id) REFERENCES public.goals_dailygoal(id) DEFERRABLE INITIALLY DEFERRED;


--
-- Name: feedbacks_achievement feedbacks_achievement_user_id_371356ae_fk_users_customuser_id; Type: FK CONSTRAINT; Schema: public; Owner: team2_user
--

ALTER TABLE ONLY public.feedbacks_achievement
    ADD CONSTRAINT feedbacks_achievement_user_id_371356ae_fk_users_customuser_id FOREIGN KEY (user_id) REFERENCES public.users_customuser(id) DEFERRABLE INITIALLY DEFERRED;


--
-- Name: feedbacks_dailyreport feedbacks_dailyreport_user_id_e62f2a48_fk_users_customuser_id; Type: FK CONSTRAINT; Schema: public; Owner: team2_user
--

ALTER TABLE ONLY public.feedbacks_dailyreport
    ADD CONSTRAINT feedbacks_dailyreport_user_id_e62f2a48_fk_users_customuser_id FOREIGN KEY (user_id) REFERENCES public.users_customuser(id) DEFERRABLE INITIALLY DEFERRED;


--
-- Name: feedbacks_feedback feedbacks_feedback_daily_report_id_3ebadfd0_fk_feedbacks; Type: FK CONSTRAINT; Schema: public; Owner: team2_user
--

ALTER TABLE ONLY public.feedbacks_feedback
    ADD CONSTRAINT feedbacks_feedback_daily_report_id_3ebadfd0_fk_feedbacks FOREIGN KEY (daily_report_id) REFERENCES public.feedbacks_dailyreport(id) DEFERRABLE INITIALLY DEFERRED;


--
-- Name: feedbacks_feedback feedbacks_feedback_user_id_46f8dc98_fk_users_customuser_id; Type: FK CONSTRAINT; Schema: public; Owner: team2_user
--

ALTER TABLE ONLY public.feedbacks_feedback
    ADD CONSTRAINT feedbacks_feedback_user_id_46f8dc98_fk_users_customuser_id FOREIGN KEY (user_id) REFERENCES public.users_customuser(id) DEFERRABLE INITIALLY DEFERRED;


--
-- Name: feedbacks_feedback feedbacks_feedback_workout_plan_id_dfefd73b_fk_tasks_wor; Type: FK CONSTRAINT; Schema: public; Owner: team2_user
--

ALTER TABLE ONLY public.feedbacks_feedback
    ADD CONSTRAINT feedbacks_feedback_workout_plan_id_dfefd73b_fk_tasks_wor FOREIGN KEY (workout_plan_id) REFERENCES public.tasks_workoutplan(id) DEFERRABLE INITIALLY DEFERRED;


--
-- Name: feedbacks_feedbackgenerationlog feedbacks_feedbackge_feedback_id_8d63db19_fk_feedbacks; Type: FK CONSTRAINT; Schema: public; Owner: team2_user
--

ALTER TABLE ONLY public.feedbacks_feedbackgenerationlog
    ADD CONSTRAINT feedbacks_feedbackge_feedback_id_8d63db19_fk_feedbacks FOREIGN KEY (feedback_id) REFERENCES public.feedbacks_feedback(id) DEFERRABLE INITIALLY DEFERRED;


--
-- Name: feedbacks_feedbackgenerationlog feedbacks_feedbackge_requested_by_id_977dabd7_fk_users_cus; Type: FK CONSTRAINT; Schema: public; Owner: team2_user
--

ALTER TABLE ONLY public.feedbacks_feedbackgenerationlog
    ADD CONSTRAINT feedbacks_feedbackge_requested_by_id_977dabd7_fk_users_cus FOREIGN KEY (requested_by_id) REFERENCES public.users_customuser(id) DEFERRABLE INITIALLY DEFERRED;


--
-- Name: goals_dailygoal goals_dailygoal_goal_id_f5f2b93b_fk_goals_goal_id; Type: FK CONSTRAINT; Schema: public; Owner: team2_user
--

ALTER TABLE ONLY public.goals_dailygoal
    ADD CONSTRAINT goals_dailygoal_goal_id_f5f2b93b_fk_goals_goal_id FOREIGN KEY (goal_id) REFERENCES public.goals_goal(id) DEFERRABLE INITIALLY DEFERRED;


--
-- Name: goals_dailygoal goals_dailygoal_user_id_315b34be_fk_users_customuser_id; Type: FK CONSTRAINT; Schema: public; Owner: team2_user
--

ALTER TABLE ONLY public.goals_dailygoal
    ADD CONSTRAINT goals_dailygoal_user_id_315b34be_fk_users_customuser_id FOREIGN KEY (user_id) REFERENCES public.users_customuser(id) DEFERRABLE INITIALLY DEFERRED;


--
-- Name: goals_goal goals_goal_user_id_31fcb355_fk_users_customuser_id; Type: FK CONSTRAINT; Schema: public; Owner: team2_user
--

ALTER TABLE ONLY public.goals_goal
    ADD CONSTRAINT goals_goal_user_id_31fcb355_fk_users_customuser_id FOREIGN KEY (user_id) REFERENCES public.users_customuser(id) DEFERRABLE INITIALLY DEFERRED;


--
-- Name: goals_goalprogress goals_goalprogress_goal_id_60426fc5_fk_goals_goal_id; Type: FK CONSTRAINT; Schema: public; Owner: team2_user
--

ALTER TABLE ONLY public.goals_goalprogress
    ADD CONSTRAINT goals_goalprogress_goal_id_60426fc5_fk_goals_goal_id FOREIGN KEY (goal_id) REFERENCES public.goals_goal(id) DEFERRABLE INITIALLY DEFERRED;


--
-- Name: goals_goalprogress goals_goalprogress_user_id_b43adcdf_fk_users_customuser_id; Type: FK CONSTRAINT; Schema: public; Owner: team2_user
--

ALTER TABLE ONLY public.goals_goalprogress
    ADD CONSTRAINT goals_goalprogress_user_id_b43adcdf_fk_users_customuser_id FOREIGN KEY (user_id) REFERENCES public.users_customuser(id) DEFERRABLE INITIALLY DEFERRED;


--
-- Name: intakes_meal intakes_meal_user_id_5605c7dc_fk_users_customuser_id; Type: FK CONSTRAINT; Schema: public; Owner: team2_user
--

ALTER TABLE ONLY public.intakes_meal
    ADD CONSTRAINT intakes_meal_user_id_5605c7dc_fk_users_customuser_id FOREIGN KEY (user_id) REFERENCES public.users_customuser(id) DEFERRABLE INITIALLY DEFERRED;


--
-- Name: intakes_mealitem intakes_mealitem_food_id_e35f2ddc_fk_intakes_food_id; Type: FK CONSTRAINT; Schema: public; Owner: team2_user
--

ALTER TABLE ONLY public.intakes_mealitem
    ADD CONSTRAINT intakes_mealitem_food_id_e35f2ddc_fk_intakes_food_id FOREIGN KEY (food_id) REFERENCES public.intakes_food(id) DEFERRABLE INITIALLY DEFERRED;


--
-- Name: intakes_mealitem intakes_mealitem_meal_id_00f34b39_fk_intakes_meal_id; Type: FK CONSTRAINT; Schema: public; Owner: team2_user
--

ALTER TABLE ONLY public.intakes_mealitem
    ADD CONSTRAINT intakes_mealitem_meal_id_00f34b39_fk_intakes_meal_id FOREIGN KEY (meal_id) REFERENCES public.intakes_meal(id) DEFERRABLE INITIALLY DEFERRED;


--
-- Name: intakes_nutritionlog intakes_nutritionlog_user_id_91d4fcbc_fk_users_customuser_id; Type: FK CONSTRAINT; Schema: public; Owner: team2_user
--

ALTER TABLE ONLY public.intakes_nutritionlog
    ADD CONSTRAINT intakes_nutritionlog_user_id_91d4fcbc_fk_users_customuser_id FOREIGN KEY (user_id) REFERENCES public.users_customuser(id) DEFERRABLE INITIALLY DEFERRED;


--
-- Name: tasks_taskitem tasks_taskitem_exercise_id_e762e6e4_fk_tasks_exercise_id; Type: FK CONSTRAINT; Schema: public; Owner: team2_user
--

ALTER TABLE ONLY public.tasks_taskitem
    ADD CONSTRAINT tasks_taskitem_exercise_id_e762e6e4_fk_tasks_exercise_id FOREIGN KEY (exercise_id) REFERENCES public.tasks_exercise(id) DEFERRABLE INITIALLY DEFERRED;


--
-- Name: tasks_taskitem tasks_taskitem_workout_plan_id_62f41768_fk_tasks_workoutplan_id; Type: FK CONSTRAINT; Schema: public; Owner: team2_user
--

ALTER TABLE ONLY public.tasks_taskitem
    ADD CONSTRAINT tasks_taskitem_workout_plan_id_62f41768_fk_tasks_workoutplan_id FOREIGN KEY (workout_plan_id) REFERENCES public.tasks_workoutplan(id) DEFERRABLE INITIALLY DEFERRED;


--
-- Name: tasks_workoutlog tasks_workoutlog_exercise_id_0baae39b_fk_tasks_exercise_id; Type: FK CONSTRAINT; Schema: public; Owner: team2_user
--

ALTER TABLE ONLY public.tasks_workoutlog
    ADD CONSTRAINT tasks_workoutlog_exercise_id_0baae39b_fk_tasks_exercise_id FOREIGN KEY (exercise_id) REFERENCES public.tasks_exercise(id) DEFERRABLE INITIALLY DEFERRED;


--
-- Name: tasks_workoutlog tasks_workoutlog_task_item_id_235d05b9_fk_tasks_taskitem_id; Type: FK CONSTRAINT; Schema: public; Owner: team2_user
--

ALTER TABLE ONLY public.tasks_workoutlog
    ADD CONSTRAINT tasks_workoutlog_task_item_id_235d05b9_fk_tasks_taskitem_id FOREIGN KEY (task_item_id) REFERENCES public.tasks_taskitem(id) DEFERRABLE INITIALLY DEFERRED;


--
-- Name: tasks_workoutlog tasks_workoutlog_user_id_52c98f27_fk_users_customuser_id; Type: FK CONSTRAINT; Schema: public; Owner: team2_user
--

ALTER TABLE ONLY public.tasks_workoutlog
    ADD CONSTRAINT tasks_workoutlog_user_id_52c98f27_fk_users_customuser_id FOREIGN KEY (user_id) REFERENCES public.users_customuser(id) DEFERRABLE INITIALLY DEFERRED;


--
-- Name: tasks_workoutlog tasks_workoutlog_workout_plan_id_7eefb1d4_fk_tasks_wor; Type: FK CONSTRAINT; Schema: public; Owner: team2_user
--

ALTER TABLE ONLY public.tasks_workoutlog
    ADD CONSTRAINT tasks_workoutlog_workout_plan_id_7eefb1d4_fk_tasks_wor FOREIGN KEY (workout_plan_id) REFERENCES public.tasks_workoutplan(id) DEFERRABLE INITIALLY DEFERRED;


--
-- Name: tasks_workoutplan tasks_workoutplan_goal_id_c0106448_fk_goals_goal_id; Type: FK CONSTRAINT; Schema: public; Owner: team2_user
--

ALTER TABLE ONLY public.tasks_workoutplan
    ADD CONSTRAINT tasks_workoutplan_goal_id_c0106448_fk_goals_goal_id FOREIGN KEY (goal_id) REFERENCES public.goals_goal(id) DEFERRABLE INITIALLY DEFERRED;


--
-- Name: tasks_workoutplan tasks_workoutplan_user_id_d4ffcac5_fk_users_customuser_id; Type: FK CONSTRAINT; Schema: public; Owner: team2_user
--

ALTER TABLE ONLY public.tasks_workoutplan
    ADD CONSTRAINT tasks_workoutplan_user_id_d4ffcac5_fk_users_customuser_id FOREIGN KEY (user_id) REFERENCES public.users_customuser(id) DEFERRABLE INITIALLY DEFERRED;


--
-- Name: tasks_workoutplangenerationlog tasks_workoutplangen_plan_id_64cb2d5c_fk_tasks_wor; Type: FK CONSTRAINT; Schema: public; Owner: team2_user
--

ALTER TABLE ONLY public.tasks_workoutplangenerationlog
    ADD CONSTRAINT tasks_workoutplangen_plan_id_64cb2d5c_fk_tasks_wor FOREIGN KEY (plan_id) REFERENCES public.tasks_workoutplan(id) DEFERRABLE INITIALLY DEFERRED;


--
-- Name: tasks_workoutplangenerationlog tasks_workoutplangen_requested_by_id_3fa739ee_fk_users_cus; Type: FK CONSTRAINT; Schema: public; Owner: team2_user
--

ALTER TABLE ONLY public.tasks_workoutplangenerationlog
    ADD CONSTRAINT tasks_workoutplangen_requested_by_id_3fa739ee_fk_users_cus FOREIGN KEY (requested_by_id) REFERENCES public.users_customuser(id) DEFERRABLE INITIALLY DEFERRED;


--
-- Name: users_customuser_groups users_customuser_gro_customuser_id_958147bf_fk_users_cus; Type: FK CONSTRAINT; Schema: public; Owner: team2_user
--

ALTER TABLE ONLY public.users_customuser_groups
    ADD CONSTRAINT users_customuser_gro_customuser_id_958147bf_fk_users_cus FOREIGN KEY (customuser_id) REFERENCES public.users_customuser(id) DEFERRABLE INITIALLY DEFERRED;


--
-- Name: users_customuser_groups users_customuser_groups_group_id_01390b14_fk_auth_group_id; Type: FK CONSTRAINT; Schema: public; Owner: team2_user
--

ALTER TABLE ONLY public.users_customuser_groups
    ADD CONSTRAINT users_customuser_groups_group_id_01390b14_fk_auth_group_id FOREIGN KEY (group_id) REFERENCES public.auth_group(id) DEFERRABLE INITIALLY DEFERRED;


--
-- Name: users_customuser_user_permissions users_customuser_use_customuser_id_5771478b_fk_users_cus; Type: FK CONSTRAINT; Schema: public; Owner: team2_user
--

ALTER TABLE ONLY public.users_customuser_user_permissions
    ADD CONSTRAINT users_customuser_use_customuser_id_5771478b_fk_users_cus FOREIGN KEY (customuser_id) REFERENCES public.users_customuser(id) DEFERRABLE INITIALLY DEFERRED;


--
-- Name: users_customuser_user_permissions users_customuser_use_permission_id_baaa2f74_fk_auth_perm; Type: FK CONSTRAINT; Schema: public; Owner: team2_user
--

ALTER TABLE ONLY public.users_customuser_user_permissions
    ADD CONSTRAINT users_customuser_use_permission_id_baaa2f74_fk_auth_perm FOREIGN KEY (permission_id) REFERENCES public.auth_permission(id) DEFERRABLE INITIALLY DEFERRED;


--
-- Name: users_healthdata users_healthdata_user_id_769d8fe1_fk_users_customuser_id; Type: FK CONSTRAINT; Schema: public; Owner: team2_user
--

ALTER TABLE ONLY public.users_healthdata
    ADD CONSTRAINT users_healthdata_user_id_769d8fe1_fk_users_customuser_id FOREIGN KEY (user_id) REFERENCES public.users_customuser(id) DEFERRABLE INITIALLY DEFERRED;


--
-- Name: users_userprofile users_userprofile_user_id_87251ef1_fk_users_customuser_id; Type: FK CONSTRAINT; Schema: public; Owner: team2_user
--

ALTER TABLE ONLY public.users_userprofile
    ADD CONSTRAINT users_userprofile_user_id_87251ef1_fk_users_customuser_id FOREIGN KEY (user_id) REFERENCES public.users_customuser(id) DEFERRABLE INITIALLY DEFERRED;


--
-- PostgreSQL database dump complete
--

\unrestrict a91ah2qF7LkddcQi3PQzHHb3U7VXFKhIjobDDuhv6pAt14bFowTyBmykvInmnbN

--
-- PostgreSQL database cluster dump complete
--
